book,verses_syn,copy,ms8,base,verses_nllb,nllb,run,target,score_src,delta,verdict
1CH,942,12.21,27.26,23.22,942,41.09,arabic_drafting_urd,urdoucv,store,-13.83,lose
1KI,816,13.01,28.46,25.12,816,41.65,arabic_drafting_urd,urdoucv,store,-13.19,lose
1PE,105,12.32,34.18,31.71,105,50.5,arabic_drafting_urd,urdoucv,store,-16.32,lose
1SA,810,13.07,30.1,26.9,809,41.6,arabic_drafting_urd,urdoucv,store,-11.5,lose
2CH,822,13.4,29.26,25.3,822,42.2,arabic_drafting_urd,urdoucv,store,-12.94,lose
2KI,719,12.79,28.24,23.7,719,40.14,arabic_drafting_urd,urdoucv,store,-11.9,lose
2PE,61,12.26,33.21,29.74,61,48.82,arabic_drafting_urd,urdoucv,store,-15.61,lose
2SA,695,13.61,31.16,26.91,694,43.2,arabic_drafting_urd,urdoucv,store,-12.04,lose
AMO,146,12.49,28.63,25.74,146,41.32,arabic_drafting_urd,urdoucv,store,-12.69,lose
DAN,357,13.34,29.5,25.97,356,40.02,arabic_drafting_urd,urdoucv,store,-10.52,lose
DEU,959,11.97,28.76,26.46,959,42.14,arabic_drafting_urd,urdoucv,store,-13.38,lose
ECC,222,12.11,28.02,24.45,222,38.46,arabic_drafting_urd,urdoucv,store,-10.44,lose
EST,167,13.63,27.87,25.17,167,38.11,arabic_drafting_urd,urdoucv,store,-10.24,lose
EXO,1213,11.92,29.11,25.74,1213,42.42,arabic_drafting_urd,urdoucv,store,-13.31,lose
EZK,1273,12.53,29.16,25.05,1271,42.1,arabic_drafting_urd,urdoucv,store,-12.94,lose
EZR,280,14.92,29.82,25.65,280,42.2,arabic_drafting_urd,urdoucv,store,-12.38,lose
GEN,1533,11.95,31.48,28.53,1531,46.21,arabic_drafting_urd,urdoucv,store,-14.73,lose
HAB,56,11.84,25.83,24.93,56,38.89,arabic_drafting_urd,urdoucv,store,-13.06,lose
HAG,38,12.25,28.63,25.05,38,42.51,arabic_drafting_urd,urdoucv,store,-13.88,lose
HOS,197,12.49,30.13,27.68,197,41.59,arabic_drafting_urd,urdoucv,store,-11.46,lose
ISA,1291,12.14,28.6,26.58,1290,40.15,arabic_drafting_urd,urdoucv,store,-11.55,lose
JAS,108,12.42,35.69,33.63,108,53.79,arabic_drafting_urd,urdoucv,store,-18.1,lose
JDG,618,13.48,30.29,26.65,618,43.4,arabic_drafting_urd,urdoucv,store,-13.11,lose
JER,1364,12.85,29.09,25.67,1364,41.17,arabic_drafting_urd,urdoucv,store,-12.08,lose
JOB,1070,11.0,27.04,24.8,1068,36.91,arabic_drafting_urd,urdoucv,store,-9.87,lose
JOL,73,12.04,30.45,28.46,73,44.01,arabic_drafting_urd,urdoucv,store,-13.56,lose
JON,48,11.45,30.05,27.75,48,41.5,arabic_drafting_urd,urdoucv,store,-11.45,lose
JOS,658,13.54,28.77,26.18,658,42.86,arabic_drafting_urd,urdoucv,store,-14.09,lose
LAM,154,11.82,27.97,26.4,154,40.27,arabic_drafting_urd,urdoucv,store,-12.3,lose
LEV,859,11.66,27.28,24.88,859,40.55,arabic_drafting_urd,urdoucv,store,-13.27,lose
MAL,55,12.45,28.77,25.54,55,37.49,arabic_drafting_urd,urdoucv,store,-8.72,lose
MIC,105,12.71,29.66,26.08,105,42.49,arabic_drafting_urd,urdoucv,store,-12.83,lose
MRK,678,11.17,44.77,43.63,678,62.52,arabic_drafting_urd,urdoucv,store,-17.75,lose
NAM,47,11.79,24.55,22.96,47,36.62,arabic_drafting_urd,urdoucv,store,-12.07,lose
NEH,405,13.85,29.24,25.48,405,41.88,arabic_drafting_urd,urdoucv,store,-12.64,lose
NUM,1288,12.9,26.89,22.92,1288,41.16,arabic_drafting_urd,urdoucv,store,-14.27,lose
OBA,21,11.3,24.78,25.23,21,36.18,arabic_drafting_urd,urdoucv,store,-11.4,lose
PRO,915,11.45,26.84,24.55,915,38.87,arabic_drafting_urd,urdoucv,store,-12.03,lose
PSA,2460,11.07,28.64,26.09,2458,39.45,arabic_drafting_urd,urdoucv,store,-10.81,lose
RUT,85,11.6,28.53,25.11,85,39.61,arabic_drafting_urd,urdoucv,store,-11.08,lose
SNG,117,11.33,25.28,22.84,117,37.75,arabic_drafting_urd,urdoucv,store,-12.47,lose
ZEC,211,12.23,30.6,26.42,211,42.71,arabic_drafting_urd,urdoucv,store,-12.11,lose
ZEP,53,12.3,27.29,24.98,53,38.25,arabic_drafting_urd,urdoucv,store,-10.96,lose
1CH,942,12.44,26.14,21.79,942,46.65,arabic_drafting_ckb,ckb,local,-20.51,lose
1KI,816,14.83,31.15,27.37,816,49.43,arabic_drafting_ckb,ckb,local,-18.28,lose
1PE,105,12.65,37.75,35.75,105,54.87,arabic_drafting_ckb,ckb,local,-17.12,lose
1SA,810,15.26,31.67,27.77,809,49.01,arabic_drafting_ckb,ckb,local,-17.34,lose
2CH,822,15.36,31.87,27.06,822,51.11,arabic_drafting_ckb,ckb,local,-19.24,lose
2KI,719,14.77,30.73,25.59,719,50.1,arabic_drafting_ckb,ckb,local,-19.37,lose
2PE,61,12.54,36.46,34.22,61,52.28,arabic_drafting_ckb,ckb,local,-15.82,lose
2SA,695,14.94,30.47,26.53,694,47.37,arabic_drafting_ckb,ckb,local,-16.9,lose
AMO,146,13.46,29.57,26.05,146,47.12,arabic_drafting_ckb,ckb,local,-17.55,lose
DAN,357,13.95,30.44,27.46,356,44.32,arabic_drafting_ckb,ckb,local,-13.88,lose
DEU,959,13.23,30.08,27.36,959,48.12,arabic_drafting_ckb,ckb,local,-18.04,lose
ECC,222,12.65,29.7,27.31,222,41.13,arabic_drafting_ckb,ckb,local,-11.43,lose
EST,167,14.68,29.25,25.0,167,43.45,arabic_drafting_ckb,ckb,local,-14.2,lose
EXO,1213,13.57,30.38,27.09,1213,49.18,arabic_drafting_ckb,ckb,local,-18.8,lose
EZK,1273,13.28,28.98,24.29,1271,45.83,arabic_drafting_ckb,ckb,local,-16.85,lose
EZR,280,16.43,31.89,27.07,280,49.29,arabic_drafting_ckb,ckb,local,-17.4,lose
GEN,1533,14.17,31.56,27.96,1531,48.44,arabic_drafting_ckb,ckb,local,-16.88,lose
HAB,56,12.79,29.73,28.52,56,42.74,arabic_drafting_ckb,ckb,local,-13.01,lose
HAG,38,13.91,31.01,26.88,38,49.53,arabic_drafting_ckb,ckb,local,-18.52,lose
HOS,197,14.06,31.27,27.81,197,44.56,arabic_drafting_ckb,ckb,local,-13.29,lose
ISA,1291,13.27,30.16,27.44,1290,45.36,arabic_drafting_ckb,ckb,local,-15.2,lose
JAS,108,12.6,37.41,33.89,108,55.13,arabic_drafting_ckb,ckb,local,-17.72,lose
JDG,618,14.85,31.77,27.07,618,47.48,arabic_drafting_ckb,ckb,local,-15.71,lose
JER,1364,14.27,30.99,26.14,1364,48.93,arabic_drafting_ckb,ckb,local,-17.94,lose
JOB,1070,11.86,27.03,25.21,1068,38.21,arabic_drafting_ckb,ckb,local,-11.18,lose
JOL,73,12.67,31.93,28.94,73,49.21,arabic_drafting_ckb,ckb,local,-17.28,lose
JON,48,13.85,31.69,28.57,48,47.07,arabic_drafting_ckb,ckb,local,-15.38,lose
JOS,658,14.38,30.39,26.43,658,50.49,arabic_drafting_ckb,ckb,local,-20.1,lose
LAM,154,13.01,28.42,26.73,154,42.22,arabic_drafting_ckb,ckb,local,-13.8,lose
LEV,859,12.79,29.6,25.61,859,46.13,arabic_drafting_ckb,ckb,local,-16.53,lose
MAL,55,13.22,29.59,26.48,55,47.97,arabic_drafting_ckb,ckb,local,-18.38,lose
MIC,105,13.27,31.3,27.19,105,45.08,arabic_drafting_ckb,ckb,local,-13.78,lose
MRK,678,13.19,52.69,49.6,678,70.07,arabic_drafting_ckb,ckb,local,-17.38,lose
NAM,47,12.95,26.29,21.71,47,40.7,arabic_drafting_ckb,ckb,local,-14.41,lose
NEH,405,15.35,29.37,25.01,405,47.11,arabic_drafting_ckb,ckb,local,-17.74,lose
NUM,1288,14.51,29.24,24.11,1288,47.86,arabic_drafting_ckb,ckb,local,-18.62,lose
OBA,21,12.93,28.21,24.7,21,41.1,arabic_drafting_ckb,ckb,local,-12.89,lose
PRO,915,11.55,29.21,27.41,915,44.83,arabic_drafting_ckb,ckb,local,-15.62,lose
PSA,2460,12.46,30.49,27.66,2458,45.93,arabic_drafting_ckb,ckb,local,-15.44,lose
RUT,85,13.19,29.83,25.58,85,44.09,arabic_drafting_ckb,ckb,local,-14.26,lose
SNG,117,12.29,24.11,22.09,117,38.31,arabic_drafting_ckb,ckb,local,-14.2,lose
ZEC,211,13.44,31.6,28.32,211,50.27,arabic_drafting_ckb,ckb,local,-18.67,lose
ZEP,53,13.44,32.06,27.28,53,48.35,arabic_drafting_ckb,ckb,local,-16.29,lose
1PE,105,12.32,37.52,34.2,105,50.34,arabic_gapfill_urd,urdoucv,store,-12.82,lose
2PE,61,12.26,36.98,34.81,61,49.16,arabic_gapfill_urd,urdoucv,store,-12.18,lose
GEN,250,11.85,46.44,44.88,250,56.63,arabic_gapfill_urd,urdoucv,store,-10.19,lose
JAS,108,12.42,39.08,36.89,108,53.92,arabic_gapfill_urd,urdoucv,store,-14.84,lose
MRK,678,11.17,46.41,45.39,678,61.54,arabic_gapfill_urd,urdoucv,store,-15.13,lose
1PE,105,12.65,42.72,40.26,105,55.66,arabic_gapfill_ckb,ckb,store,-12.94,lose
2PE,61,12.54,39.49,39.21,61,51.63,arabic_gapfill_ckb,ckb,store,-12.14,lose
GEN,250,14.37,51.29,48.32,250,60.48,arabic_gapfill_ckb,ckb,store,-9.19,lose
JAS,108,12.6,42.14,38.56,108,56.1,arabic_gapfill_ckb,ckb,store,-13.96,lose
MRK,678,13.19,56.16,54.09,678,70.0,arabic_gapfill_ckb,ckb,store,-13.84,lose
1CH,942,26.67,31.55,30.39,942,50.52,devanagari_drafting_hne,hne,store,-18.97,lose
1KI,816,23.54,35.54,34.87,816,50.81,devanagari_drafting_hne,hne,store,-15.27,lose
1PE,105,21.58,44.46,43.08,105,53.04,devanagari_drafting_hne,hne,store,-8.58,lose
1SA,810,23.05,37.12,36.37,810,52.55,devanagari_drafting_hne,hne,store,-15.43,lose
2CH,822,22.99,34.21,33.25,822,49.48,devanagari_drafting_hne,hne,store,-15.27,lose
2KI,719,23.83,34.49,34.22,719,51.09,devanagari_drafting_hne,hne,store,-16.6,lose
2PE,61,19.22,42.48,42.12,61,52.99,devanagari_drafting_hne,hne,store,-10.51,lose
2SA,695,23.53,34.43,33.66,695,49.58,devanagari_drafting_hne,hne,store,-15.15,lose
AMO,146,21.07,32.94,31.23,146,45.69,devanagari_drafting_hne,hne,store,-12.75,lose
DAN,357,20.78,32.48,31.48,357,45.17,devanagari_drafting_hne,hne,store,-12.69,lose
DEU,959,20.69,32.96,32.71,959,47.3,devanagari_drafting_hne,hne,store,-14.34,lose
ECC,222,18.15,31.29,31.55,222,39.84,devanagari_drafting_hne,hne,store,-8.55,lose
EST,167,22.77,30.53,30.53,167,44.95,devanagari_drafting_hne,hne,store,-14.42,lose
EXO,1213,21.29,34.32,34.08,1213,47.25,devanagari_drafting_hne,hne,store,-12.93,lose
EZK,1273,19.96,32.63,31.8,1273,44.46,devanagari_drafting_hne,hne,store,-11.83,lose
EZR,280,25.86,33.8,32.98,280,48.81,devanagari_drafting_hne,hne,store,-15.01,lose
GEN,1533,23.53,40.25,38.95,1533,52.04,devanagari_drafting_hne,hne,store,-11.79,lose
HAB,56,19.77,30.43,30.15,56,39.51,devanagari_drafting_hne,hne,store,-9.08,lose
HAG,38,23.83,34.95,33.4,38,49.38,devanagari_drafting_hne,hne,store,-14.43,lose
HOS,197,19.46,33.63,33.44,197,43.89,devanagari_drafting_hne,hne,store,-10.26,lose
ISA,1291,20.95,33.12,32.74,1291,43.73,devanagari_drafting_hne,hne,store,-10.61,lose
JAS,108,20.54,47.15,47.13,108,54.61,devanagari_drafting_hne,hne,store,-7.46,lose
JDG,618,23.56,34.8,33.95,618,49.76,devanagari_drafting_hne,hne,store,-14.96,lose
JER,1364,21.53,34.2,34.24,1364,47.45,devanagari_drafting_hne,hne,store,-13.25,lose
JOB,1070,17.24,32.04,31.54,1070,40.06,devanagari_drafting_hne,hne,store,-8.02,lose
JOL,73,20.7,32.56,32.07,73,44.56,devanagari_drafting_hne,hne,store,-12.0,lose
JON,48,23.69,38.99,38.08,48,45.35,devanagari_drafting_hne,hne,store,-6.36,lose
JOS,658,25.52,33.97,34.52,658,49.49,devanagari_drafting_hne,hne,store,-15.52,lose
LAM,154,17.87,32.51,31.35,154,43.08,devanagari_drafting_hne,hne,store,-10.57,lose
LEV,859,20.44,32.38,32.05,859,44.26,devanagari_drafting_hne,hne,store,-11.88,lose
MAL,55,20.7,35.04,35.02,55,49.78,devanagari_drafting_hne,hne,store,-14.74,lose
MIC,105,20.19,32.79,32.02,105,43.02,devanagari_drafting_hne,hne,store,-10.23,lose
MRK,678,19.83,57.47,58.27,678,68.12,devanagari_drafting_hne,hne,store,-10.65,lose
NAM,47,18.31,28.61,27.73,47,37.23,devanagari_drafting_hne,hne,store,-8.62,lose
NEH,405,24.14,32.56,32.37,405,49.4,devanagari_drafting_hne,hne,store,-16.84,lose
NUM,1288,22.48,32.48,32.32,1288,46.85,devanagari_drafting_hne,hne,store,-14.37,lose
OBA,21,23.05,32.33,29.39,21,43.44,devanagari_drafting_hne,hne,store,-11.11,lose
PRO,915,18.42,33.15,32.78,915,42.17,devanagari_drafting_hne,hne,store,-9.02,lose
PSA,2460,19.12,35.49,34.95,2460,45.31,devanagari_drafting_hne,hne,store,-9.82,lose
RUT,85,21.56,35.92,35.66,85,49.53,devanagari_drafting_hne,hne,store,-13.61,lose
SNG,117,19.5,31.25,31.63,117,45.99,devanagari_drafting_hne,hne,store,-14.74,lose
ZEC,211,20.99,34.76,34.03,211,48.54,devanagari_drafting_hne,hne,store,-13.78,lose
ZEP,53,19.5,31.84,32.21,53,42.37,devanagari_drafting_hne,hne,store,-10.53,lose
1CH,942,21.86,24.76,26.04,942,41.73,devanagari_drafting_mar,mar,store,-16.97,lose
1KI,816,16.94,24.64,25.49,816,37.33,devanagari_drafting_mar,mar,store,-12.69,lose
1PE,103,17.66,35.72,34.94,103,51.18,devanagari_drafting_mar,mar,store,-15.46,lose
1SA,810,16.99,29.14,30.03,810,48.17,devanagari_drafting_mar,mar,store,-19.03,lose
2CH,822,18.18,24.35,25.43,822,38.57,devanagari_drafting_mar,mar,store,-14.22,lose
2KI,719,17.94,26.31,27.4,719,42.33,devanagari_drafting_mar,mar,store,-16.02,lose
2PE,61,16.48,31.65,34.18,61,47.91,devanagari_drafting_mar,mar,store,-16.26,lose
2SA,695,16.61,24.31,24.7,695,36.32,devanagari_drafting_mar,mar,store,-12.01,lose
AMO,146,17.0,27.0,27.6,146,43.42,devanagari_drafting_mar,mar,store,-16.42,lose
DAN,356,18.31,26.74,27.82,356,40.6,devanagari_drafting_mar,mar,store,-13.86,lose
DEU,959,16.8,24.95,25.51,959,37.91,devanagari_drafting_mar,mar,store,-12.96,lose
ECC,222,14.65,24.59,25.14,222,34.99,devanagari_drafting_mar,mar,store,-10.4,lose
EST,167,17.91,23.8,25.64,167,39.75,devanagari_drafting_mar,mar,store,-15.95,lose
EXO,1213,16.41,28.03,28.97,1213,44.08,devanagari_drafting_mar,mar,store,-16.05,lose
EZK,1273,15.98,26.23,26.89,1273,39.96,devanagari_drafting_mar,mar,store,-13.73,lose
EZR,280,20.31,25.76,27.33,280,43.75,devanagari_drafting_mar,mar,store,-17.99,lose
GEN,1532,16.49,29.34,30.0,1532,45.67,devanagari_drafting_mar,mar,store,-16.33,lose
HAB,56,15.68,24.98,26.25,56,36.75,devanagari_drafting_mar,mar,store,-11.77,lose
HAG,38,18.01,24.69,26.57,38,45.54,devanagari_drafting_mar,mar,store,-20.85,lose
HOS,197,16.86,28.08,29.4,197,42.55,devanagari_drafting_mar,mar,store,-14.47,lose
ISA,1291,16.07,26.44,27.61,1291,40.49,devanagari_drafting_mar,mar,store,-14.05,lose
JAS,108,17.3,33.24,33.38,108,48.39,devanagari_drafting_mar,mar,store,-15.15,lose
JDG,618,17.33,28.15,29.24,618,44.59,devanagari_drafting_mar,mar,store,-16.44,lose
JER,1364,16.85,26.57,27.93,1364,42.46,devanagari_drafting_mar,mar,store,-15.89,lose
JOB,1070,13.25,22.86,23.65,1070,30.74,devanagari_drafting_mar,mar,store,-7.88,lose
JOL,73,15.77,28.03,29.35,73,42.58,devanagari_drafting_mar,mar,store,-14.55,lose
JON,48,17.0,30.0,29.84,48,45.56,devanagari_drafting_mar,mar,store,-15.56,lose
JOS,658,19.43,27.72,28.86,658,46.5,devanagari_drafting_mar,mar,store,-18.78,lose
LAM,154,14.74,25.19,27.8,154,39.67,devanagari_drafting_mar,mar,store,-14.48,lose
LEV,859,16.83,26.51,27.57,859,43.03,devanagari_drafting_mar,mar,store,-16.52,lose
MAL,55,18.09,28.42,28.87,55,44.7,devanagari_drafting_mar,mar,store,-16.28,lose
MIC,105,16.68,27.34,27.93,105,42.01,devanagari_drafting_mar,mar,store,-14.67,lose
MRK,673,14.92,44.54,45.4,673,55.66,devanagari_drafting_mar,mar,store,-11.12,lose
NAM,47,14.28,23.26,23.6,47,35.09,devanagari_drafting_mar,mar,store,-11.83,lose
NEH,405,18.81,24.01,24.79,405,38.63,devanagari_drafting_mar,mar,store,-14.62,lose
NUM,1288,16.59,24.8,26.07,1288,40.5,devanagari_drafting_mar,mar,store,-15.7,lose
OBA,21,16.58,27.33,27.55,21,46.96,devanagari_drafting_mar,mar,store,-19.63,lose
PRO,915,14.74,24.5,25.49,915,37.95,devanagari_drafting_mar,mar,store,-13.45,lose
PSA,2460,15.22,28.51,29.49,2460,43.78,devanagari_drafting_mar,mar,store,-15.27,lose
RUT,85,15.57,28.65,29.85,85,44.28,devanagari_drafting_mar,mar,store,-15.63,lose
SNG,117,13.92,23.67,25.52,117,38.03,devanagari_drafting_mar,mar,store,-14.36,lose
ZEC,211,15.91,25.98,27.25,211,40.53,devanagari_drafting_mar,mar,store,-14.55,lose
ZEP,53,16.23,27.7,28.66,53,44.35,devanagari_drafting_mar,mar,store,-16.65,lose
1PE,105,21.58,45.57,43.68,105,55.25,devanagari_gapfill_hne,hne,store,-9.68,lose
2PE,61,19.22,44.66,42.27,61,53.78,devanagari_gapfill_hne,hne,store,-9.12,lose
GEN,250,23.64,53.79,53.85,250,61.54,devanagari_gapfill_hne,hne,store,-7.75,lose
JAS,108,20.54,51.17,47.24,108,55.42,devanagari_gapfill_hne,hne,store,-4.25,lose
MRK,678,19.83,57.65,57.64,678,68.24,devanagari_gapfill_hne,hne,store,-10.59,lose
1PE,103,17.66,38.64,36.05,103,51.92,devanagari_gapfill_mar,mar,store,-13.28,lose
2PE,61,16.48,36.07,34.72,61,47.95,devanagari_gapfill_mar,mar,store,-11.88,lose
GEN,250,16.88,39.95,39.73,250,50.92,devanagari_gapfill_mar,mar,store,-10.97,lose
JAS,108,17.3,37.79,35.84,108,48.65,devanagari_gapfill_mar,mar,store,-10.86,lose
MRK,673,14.92,47.06,45.78,673,56.19,devanagari_gapfill_mar,mar,store,-9.13,lose
1CH,938,13.29,17.28,15.58,938,31.29,ethiopic_drafting_gmv,gmve,store,-14.01,lose
1KI,816,15.27,20.54,18.23,816,38.21,ethiopic_drafting_gmv,gmve,store,-17.67,lose
1PE,105,10.6,26.62,22.5,103,33.31,ethiopic_drafting_gmv,gmve,store,-6.69,lose
1SA,810,11.89,19.33,18.17,810,31.63,ethiopic_drafting_gmv,gmve,store,-12.3,lose
2CH,821,14.89,20.27,18.58,821,39.16,ethiopic_drafting_gmv,gmve,store,-18.89,lose
2KI,719,11.88,18.12,17.18,719,30.55,ethiopic_drafting_gmv,gmve,store,-12.43,lose
2PE,61,11.31,24.2,19.54,61,28.5,ethiopic_drafting_gmv,gmve,store,-4.3,lose
2SA,694,11.45,17.65,16.7,694,29.47,ethiopic_drafting_gmv,gmve,store,-11.82,lose
AMO,146,13.11,19.99,18.0,146,30.63,ethiopic_drafting_gmv,gmve,store,-10.64,lose
DAN,357,12.1,18.43,16.5,357,31.26,ethiopic_drafting_gmv,gmve,store,-12.83,lose
DEU,957,12.1,19.41,17.93,957,30.25,ethiopic_drafting_gmv,gmve,store,-10.84,lose
ECC,222,13.38,18.5,16.88,222,30.61,ethiopic_drafting_gmv,gmve,store,-12.11,lose
EST,167,13.29,17.4,15.93,167,29.16,ethiopic_drafting_gmv,gmve,store,-11.76,lose
EXO,1208,14.0,20.43,18.59,1208,34.74,ethiopic_drafting_gmv,gmve,store,-14.31,lose
EZK,1268,14.39,19.29,17.88,1268,32.27,ethiopic_drafting_gmv,gmve,store,-12.98,lose
EZR,271,11.44,15.99,15.29,271,26.41,ethiopic_drafting_gmv,gmve,store,-10.42,lose
GEN,1510,14.44,23.72,21.6,1510,42.19,ethiopic_drafting_gmv,gmve,store,-18.47,lose
HAB,56,11.43,15.71,14.14,56,25.18,ethiopic_drafting_gmv,gmve,store,-9.47,lose
HAG,38,15.05,20.77,18.67,38,34.85,ethiopic_drafting_gmv,gmve,store,-14.08,lose
HOS,197,12.93,19.81,18.64,197,31.39,ethiopic_drafting_gmv,gmve,store,-11.58,lose
ISA,1291,14.81,18.7,16.99,1291,32.83,ethiopic_drafting_gmv,gmve,store,-14.13,lose
JAS,105,10.78,25.41,20.96,104,33.8,ethiopic_drafting_gmv,gmve,store,-8.39,lose
JDG,617,13.33,21.32,19.28,617,38.08,ethiopic_drafting_gmv,gmve,store,-16.76,lose
JER,1363,14.3,19.76,17.84,1363,34.55,ethiopic_drafting_gmv,gmve,store,-14.79,lose
JOB,1066,11.61,17.3,15.48,1066,26.23,ethiopic_drafting_gmv,gmve,store,-8.93,lose
JOL,72,11.97,18.7,17.42,72,29.64,ethiopic_drafting_gmv,gmve,store,-10.94,lose
JON,48,14.66,23.05,21.99,48,39.05,ethiopic_drafting_gmv,gmve,store,-16.0,lose
JOS,656,13.06,18.98,17.47,656,32.54,ethiopic_drafting_gmv,gmve,store,-13.56,lose
LAM,154,11.56,17.73,15.69,154,29.75,ethiopic_drafting_gmv,gmve,store,-12.02,lose
LEV,854,11.97,17.19,16.59,854,26.75,ethiopic_drafting_gmv,gmve,store,-9.56,lose
MAL,55,13.94,21.99,18.98,55,34.83,ethiopic_drafting_gmv,gmve,store,-12.84,lose
MIC,105,11.65,16.92,16.7,105,27.5,ethiopic_drafting_gmv,gmve,store,-10.58,lose
MRK,673,10.9,34.52,30.75,669,39.93,ethiopic_drafting_gmv,gmve,store,-5.41,lose
NAM,47,11.83,14.79,14.51,47,26.44,ethiopic_drafting_gmv,gmve,store,-11.65,lose
NEH,399,11.52,15.37,14.85,399,26.45,ethiopic_drafting_gmv,gmve,store,-11.08,lose
NUM,1207,11.67,17.58,16.51,1207,26.87,ethiopic_drafting_gmv,gmve,store,-9.29,lose
OBA,21,11.89,16.24,13.89,21,25.64,ethiopic_drafting_gmv,gmve,store,-9.4,lose
PRO,914,14.72,19.13,17.56,914,33.98,ethiopic_drafting_gmv,gmve,store,-14.85,lose
PSA,2456,16.94,22.98,19.69,2456,37.79,ethiopic_drafting_gmv,gmve,store,-14.81,lose
RUT,85,13.69,19.98,18.18,85,36.01,ethiopic_drafting_gmv,gmve,store,-16.03,lose
SNG,117,13.73,17.0,15.62,117,33.85,ethiopic_drafting_gmv,gmve,store,-16.85,lose
ZEC,211,15.82,20.83,19.37,211,33.91,ethiopic_drafting_gmv,gmve,store,-13.08,lose
ZEP,53,14.2,17.95,16.83,53,31.05,ethiopic_drafting_gmv,gmve,store,-13.1,lose
1CH,938,14.24,17.53,14.42,938,35.99,ethiopic_drafting_gof,gofe,store,-18.46,lose
1KI,816,16.06,20.63,16.73,816,42.36,ethiopic_drafting_gof,gofe,store,-21.73,lose
1PE,103,12.09,45.16,28.09,103,34.97,ethiopic_drafting_gof,gofe,store,10.19,beat
1SA,810,12.67,19.44,16.28,810,34.99,ethiopic_drafting_gof,gofe,store,-15.55,lose
2CH,821,15.67,20.66,17.37,821,43.9,ethiopic_drafting_gof,gofe,store,-23.24,lose
2KI,719,12.56,17.91,15.62,719,32.42,ethiopic_drafting_gof,gofe,store,-14.51,lose
2PE,61,13.06,40.3,25.87,61,31.71,ethiopic_drafting_gof,gofe,store,8.59,beat
2SA,694,12.34,18.14,14.56,694,32.19,ethiopic_drafting_gof,gofe,store,-14.05,lose
AMO,146,13.69,18.39,15.97,146,32.96,ethiopic_drafting_gof,gofe,store,-14.57,lose
DAN,357,13.02,18.04,14.9,357,34.03,ethiopic_drafting_gof,gofe,store,-15.99,lose
DEU,957,13.22,19.77,16.58,957,33.92,ethiopic_drafting_gof,gofe,store,-14.15,lose
ECC,222,13.52,16.45,13.16,222,32.19,ethiopic_drafting_gof,gofe,store,-15.74,lose
EST,167,13.22,16.65,14.2,167,31.01,ethiopic_drafting_gof,gofe,store,-14.36,lose
EXO,1208,15.03,20.54,17.61,1208,39.06,ethiopic_drafting_gof,gofe,store,-18.52,lose
EZK,1268,15.11,19.1,15.43,1268,35.4,ethiopic_drafting_gof,gofe,store,-16.3,lose
EZR,271,12.3,16.94,14.76,271,29.53,ethiopic_drafting_gof,gofe,store,-12.59,lose
GEN,1510,14.94,22.93,18.83,1510,44.89,ethiopic_drafting_gof,gofe,store,-21.96,lose
HAB,56,11.8,13.68,12.14,56,24.55,ethiopic_drafting_gof,gofe,store,-10.87,lose
HAG,38,14.98,20.16,16.94,38,35.9,ethiopic_drafting_gof,gofe,store,-15.74,lose
HOS,197,13.82,19.09,16.27,197,33.44,ethiopic_drafting_gof,gofe,store,-14.35,lose
ISA,1291,15.4,17.98,14.88,1291,34.77,ethiopic_drafting_gof,gofe,store,-16.79,lose
JAS,107,11.56,44.1,26.62,104,34.55,ethiopic_drafting_gof,gofe,store,9.55,beat
JDG,617,14.23,21.65,16.67,617,42.97,ethiopic_drafting_gof,gofe,store,-21.32,lose
JER,1363,14.66,19.35,15.57,1363,36.91,ethiopic_drafting_gof,gofe,store,-17.56,lose
JOB,1066,12.86,16.86,14.65,1066,29.89,ethiopic_drafting_gof,gofe,store,-13.03,lose
JOL,72,13.17,18.37,17.83,72,30.27,ethiopic_drafting_gof,gofe,store,-11.9,lose
JON,48,15.11,23.05,17.78,48,42.2,ethiopic_drafting_gof,gofe,store,-19.15,lose
JOS,656,13.55,19.52,15.51,656,35.7,ethiopic_drafting_gof,gofe,store,-16.18,lose
LAM,154,12.41,17.44,14.87,154,31.07,ethiopic_drafting_gof,gofe,store,-13.63,lose
LEV,854,13.34,17.2,15.39,854,28.98,ethiopic_drafting_gof,gofe,store,-11.78,lose
MAL,55,14.55,18.49,17.04,55,34.65,ethiopic_drafting_gof,gofe,store,-16.16,lose
MIC,105,11.42,16.01,13.83,105,26.09,ethiopic_drafting_gof,gofe,store,-10.08,lose
MRK,673,10.6,54.61,40.07,669,39.98,ethiopic_drafting_gof,gofe,store,14.63,beat
NAM,47,11.84,14.29,12.02,47,26.3,ethiopic_drafting_gof,gofe,store,-12.01,lose
NEH,399,12.17,16.06,13.12,399,28.6,ethiopic_drafting_gof,gofe,store,-12.54,lose
NUM,1207,12.97,18.79,15.29,1207,31.59,ethiopic_drafting_gof,gofe,store,-12.8,lose
OBA,21,12.04,14.56,14.32,21,25.34,ethiopic_drafting_gof,gofe,store,-10.78,lose
PRO,914,15.7,17.46,14.92,914,36.12,ethiopic_drafting_gof,gofe,store,-18.66,lose
PSA,2456,18.07,22.07,16.76,2456,42.2,ethiopic_drafting_gof,gofe,store,-20.13,lose
RUT,85,14.26,19.82,16.04,85,37.5,ethiopic_drafting_gof,gofe,store,-17.68,lose
SNG,117,15.11,15.77,12.03,117,34.64,ethiopic_drafting_gof,gofe,store,-18.87,lose
ZEC,211,15.8,21.53,17.43,211,37.81,ethiopic_drafting_gof,gofe,store,-16.28,lose
ZEP,53,14.94,16.66,15.28,53,31.56,ethiopic_drafting_gof,gofe,store,-14.9,lose
1PE,105,10.6,30.81,25.98,103,33.72,ethiopic_gapfill_gmv,gmve,store,-2.91,lose
2PE,61,11.31,28.89,24.92,61,30.8,ethiopic_gapfill_gmv,gmve,store,-1.91,lose
GEN,249,14.51,46.37,40.61,249,56.15,ethiopic_gapfill_gmv,gmve,store,-9.78,lose
JAS,105,10.78,30.27,27.5,104,35.1,ethiopic_gapfill_gmv,gmve,store,-4.83,lose
MRK,673,10.9,36.15,33.29,669,40.43,ethiopic_gapfill_gmv,gmve,store,-4.28,lose
1PE,103,12.09,48.28,33.0,103,37.2,ethiopic_gapfill_gof,gofe,store,11.08,beat
2PE,61,13.06,45.7,29.7,61,34.25,ethiopic_gapfill_gof,gofe,store,11.45,beat
GEN,249,14.99,47.71,42.92,249,56.91,ethiopic_gapfill_gof,gofe,store,-9.2,lose
JAS,107,11.56,50.51,32.63,104,37.1,ethiopic_gapfill_gof,gofe,store,13.41,beat
MRK,673,10.6,57.38,41.34,669,40.65,ethiopic_gapfill_gof,gofe,store,16.73,beat
1CH,942,21.27,34.02,32.07,942,59.72,latin_bantu_drafting_nde,nde,store,-25.7,lose
1KI,816,19.71,34.87,33.8,816,56.96,latin_bantu_drafting_nde,nde,store,-22.09,lose
1PE,105,17.34,43.83,44.82,105,65.82,latin_bantu_drafting_nde,nde,store,-21.99,lose
1SA,810,19.49,36.63,34.72,810,60.3,latin_bantu_drafting_nde,nde,store,-23.67,lose
2CH,822,19.81,35.92,34.07,822,59.87,latin_bantu_drafting_nde,nde,store,-23.95,lose
2KI,719,20.48,35.32,33.12,719,59.57,latin_bantu_drafting_nde,nde,store,-24.25,lose
2PE,61,18.44,43.48,43.1,61,62.03,latin_bantu_drafting_nde,nde,store,-18.55,lose
2SA,695,20.43,35.78,33.79,695,60.84,latin_bantu_drafting_nde,nde,store,-25.06,lose
AMO,146,18.55,34.52,30.95,146,56.45,latin_bantu_drafting_nde,nde,store,-21.93,lose
DAN,357,19.18,33.1,30.48,357,57.9,latin_bantu_drafting_nde,nde,store,-24.8,lose
DEU,959,17.29,34.79,33.75,959,54.42,latin_bantu_drafting_nde,nde,store,-19.63,lose
ECC,222,17.29,34.58,35.05,222,54.81,latin_bantu_drafting_nde,nde,store,-20.23,lose
EST,167,19.47,30.54,27.73,167,53.69,latin_bantu_drafting_nde,nde,store,-23.15,lose
EXO,1213,17.93,34.79,33.75,1213,55.62,latin_bantu_drafting_nde,nde,store,-20.83,lose
EZK,1273,18.36,33.68,30.46,1273,58.32,latin_bantu_drafting_nde,nde,store,-24.64,lose
EZR,280,20.66,37.38,32.89,280,63.86,latin_bantu_drafting_nde,nde,store,-26.48,lose
GEN,1533,19.84,37.54,36.79,1533,62.27,latin_bantu_drafting_nde,nde,store,-24.73,lose
HAB,56,18.14,32.51,30.77,56,51.25,latin_bantu_drafting_nde,nde,store,-18.74,lose
HAG,38,19.83,36.73,36.97,38,67.2,latin_bantu_drafting_nde,nde,store,-30.47,lose
HOS,197,17.98,35.15,33.77,197,59.66,latin_bantu_drafting_nde,nde,store,-24.51,lose
ISA,1291,17.99,34.43,32.25,1291,57.22,latin_bantu_drafting_nde,nde,store,-22.79,lose
JAS,108,17.18,41.64,40.78,108,64.39,latin_bantu_drafting_nde,nde,store,-22.75,lose
JDG,618,20.2,35.52,34.45,618,61.01,latin_bantu_drafting_nde,nde,store,-25.49,lose
JER,1364,19.34,35.29,33.23,1364,60.71,latin_bantu_drafting_nde,nde,store,-25.42,lose
JOB,1070,16.46,32.94,32.36,1070,50.9,latin_bantu_drafting_nde,nde,store,-17.96,lose
JOL,73,17.55,35.09,34.95,73,59.88,latin_bantu_drafting_nde,nde,store,-24.79,lose
JON,48,17.72,36.51,33.37,48,56.03,latin_bantu_drafting_nde,nde,store,-19.52,lose
JOS,658,20.23,33.5,31.51,658,57.44,latin_bantu_drafting_nde,nde,store,-23.94,lose
LAM,154,16.9,31.72,30.95,154,51.01,latin_bantu_drafting_nde,nde,store,-19.29,lose
LEV,859,17.47,32.53,31.69,859,53.32,latin_bantu_drafting_nde,nde,store,-20.79,lose
MAL,55,17.89,34.49,33.11,55,56.09,latin_bantu_drafting_nde,nde,store,-21.6,lose
MIC,105,18.17,35.84,34.46,105,59.82,latin_bantu_drafting_nde,nde,store,-23.98,lose
MRK,678,18.37,56.51,55.39,678,70.3,latin_bantu_drafting_nde,nde,store,-13.79,lose
NAM,47,17.75,30.34,27.49,47,55.54,latin_bantu_drafting_nde,nde,store,-25.2,lose
NEH,405,20.74,34.65,31.61,405,60.79,latin_bantu_drafting_nde,nde,store,-26.14,lose
NUM,1288,19.28,34.51,32.43,1288,56.51,latin_bantu_drafting_nde,nde,store,-22.0,lose
OBA,21,18.04,33.21,29.82,21,57.65,latin_bantu_drafting_nde,nde,store,-24.44,lose
PRO,915,16.01,32.66,32.38,915,51.63,latin_bantu_drafting_nde,nde,store,-18.97,lose
PSA,2460,16.06,36.16,35.15,2460,56.94,latin_bantu_drafting_nde,nde,store,-20.78,lose
RUT,85,19.75,33.76,30.03,85,58.69,latin_bantu_drafting_nde,nde,store,-24.93,lose
SNG,117,18.6,28.76,27.66,117,50.99,latin_bantu_drafting_nde,nde,store,-22.23,lose
ZEC,211,18.45,36.56,35.52,211,58.77,latin_bantu_drafting_nde,nde,store,-22.21,lose
ZEP,53,17.45,35.37,34.67,53,59.66,latin_bantu_drafting_nde,nde,store,-24.29,lose
1CH,942,27.01,36.35,33.86,942,61.72,latin_bantu_drafting_nya,nya,store,-25.37,lose
1KI,816,24.48,38.18,35.3,816,60.48,latin_bantu_drafting_nya,nya,store,-22.3,lose
1PE,105,20.67,46.54,44.4,105,62.43,latin_bantu_drafting_nya,nya,store,-15.89,lose
1SA,810,24.11,37.48,33.43,810,57.87,latin_bantu_drafting_nya,nya,store,-20.39,lose
2CH,822,23.93,39.31,35.69,822,63.31,latin_bantu_drafting_nya,nya,store,-24.0,lose
2KI,719,24.88,38.44,34.8,719,61.62,latin_bantu_drafting_nya,nya,store,-23.18,lose
2PE,61,21.76,46.35,43.9,61,62.14,latin_bantu_drafting_nya,nya,store,-15.79,lose
2SA,695,25.03,39.38,35.64,695,61.42,latin_bantu_drafting_nya,nya,store,-22.04,lose
AMO,146,22.76,37.79,33.66,146,58.77,latin_bantu_drafting_nya,nya,store,-20.98,lose
DAN,357,22.6,36.61,32.91,357,57.3,latin_bantu_drafting_nya,nya,store,-20.69,lose
DEU,959,22.88,39.17,36.39,959,60.87,latin_bantu_drafting_nya,nya,store,-21.7,lose
ECC,222,20.86,36.43,35.36,222,54.6,latin_bantu_drafting_nya,nya,store,-18.17,lose
EST,167,23.93,33.73,30.35,167,54.89,latin_bantu_drafting_nya,nya,store,-21.16,lose
EXO,1213,22.15,37.82,35.11,1213,56.63,latin_bantu_drafting_nya,nya,store,-18.81,lose
EZK,1273,22.01,35.3,31.23,1273,52.71,latin_bantu_drafting_nya,nya,store,-17.41,lose
EZR,280,23.75,35.22,31.05,280,54.92,latin_bantu_drafting_nya,nya,store,-19.7,lose
GEN,1533,24.45,39.75,37.35,1533,59.48,latin_bantu_drafting_nya,nya,store,-19.73,lose
HAB,56,21.2,35.34,33.8,56,53.33,latin_bantu_drafting_nya,nya,store,-17.99,lose
HAG,38,25.01,38.3,33.71,38,65.55,latin_bantu_drafting_nya,nya,store,-27.25,lose
HOS,197,22.14,38.39,34.55,197,58.39,latin_bantu_drafting_nya,nya,store,-20.0,lose
ISA,1291,21.29,36.04,32.36,1291,52.85,latin_bantu_drafting_nya,nya,store,-16.81,lose
JAS,108,20.09,45.64,42.67,108,60.04,latin_bantu_drafting_nya,nya,store,-14.4,lose
JDG,618,23.37,35.48,33.61,618,54.89,latin_bantu_drafting_nya,nya,store,-19.41,lose
JER,1364,22.98,36.73,33.38,1364,57.05,latin_bantu_drafting_nya,nya,store,-20.32,lose
JOB,1070,19.73,34.63,33.12,1070,49.6,latin_bantu_drafting_nya,nya,store,-14.97,lose
JOL,73,21.57,37.16,34.79,73,60.56,latin_bantu_drafting_nya,nya,store,-23.4,lose
JON,48,22.31,39.81,35.7,48,59.47,latin_bantu_drafting_nya,nya,store,-19.66,lose
JOS,658,23.15,35.32,32.13,658,56.93,latin_bantu_drafting_nya,nya,store,-21.61,lose
LAM,154,21.15,35.66,33.34,154,57.38,latin_bantu_drafting_nya,nya,store,-21.72,lose
LEV,859,20.93,34.1,31.72,859,53.01,latin_bantu_drafting_nya,nya,store,-18.91,lose
MAL,55,22.7,40.63,35.46,55,62.75,latin_bantu_drafting_nya,nya,store,-22.12,lose
MIC,105,22.08,38.65,34.09,105,59.16,latin_bantu_drafting_nya,nya,store,-20.51,lose
MRK,678,22.68,58.91,57.42,678,69.86,latin_bantu_drafting_nya,nya,store,-10.95,lose
NAM,47,20.29,32.82,31.02,47,52.9,latin_bantu_drafting_nya,nya,store,-20.08,lose
NEH,405,24.36,34.62,30.51,405,55.42,latin_bantu_drafting_nya,nya,store,-20.8,lose
NUM,1288,23.37,35.76,32.9,1288,58.32,latin_bantu_drafting_nya,nya,store,-22.56,lose
OBA,21,24.28,38.06,31.77,21,56.97,latin_bantu_drafting_nya,nya,store,-18.91,lose
PRO,915,19.03,33.67,32.15,915,49.27,latin_bantu_drafting_nya,nya,store,-15.6,lose
PSA,2460,20.18,40.17,37.9,2460,60.52,latin_bantu_drafting_nya,nya,store,-20.35,lose
RUT,85,25.03,36.24,30.01,85,55.48,latin_bantu_drafting_nya,nya,store,-19.24,lose
SNG,117,22.35,31.78,29.73,117,52.45,latin_bantu_drafting_nya,nya,store,-20.67,lose
ZEC,211,22.81,41.53,39.14,211,64.19,latin_bantu_drafting_nya,nya,store,-22.66,lose
ZEP,53,22.4,38.86,34.54,53,61.49,latin_bantu_drafting_nya,nya,store,-22.63,lose
1PE,105,17.34,52.73,51.44,105,66.65,latin_bantu_gapfill_nde,nde,store,-13.92,lose
2PE,61,18.44,51.36,49.16,61,62.93,latin_bantu_gapfill_nde,nde,store,-11.57,lose
GEN,250,20.05,57.82,58.82,250,68.95,latin_bantu_gapfill_nde,nde,store,-11.13,lose
JAS,108,17.18,50.73,49.91,108,65.19,latin_bantu_gapfill_nde,nde,store,-14.46,lose
MRK,678,18.37,59.77,59.79,678,70.4,latin_bantu_gapfill_nde,nde,store,-10.63,lose
1PE,105,20.67,51.84,50.49,105,62.71,latin_bantu_gapfill_nya,nya,store,-10.87,lose
2PE,61,21.76,50.76,48.6,61,63.26,latin_bantu_gapfill_nya,nya,store,-12.5,lose
GEN,250,24.7,54.29,54.55,250,65.1,latin_bantu_gapfill_nya,nya,store,-10.81,lose
JAS,108,20.09,51.32,49.39,108,62.72,latin_bantu_gapfill_nya,nya,store,-11.4,lose
MRK,678,22.68,62.59,62.02,678,70.64,latin_bantu_gapfill_nya,nya,store,-8.05,lose
1PE,105,16.56,28.71,28.55,105,41.46,telugu_nt-only_nit,nit,store,-12.75,lose
2PE,60,18.01,26.89,27.76,60,40.72,telugu_nt-only_nit,nit,store,-13.83,lose
JAS,108,18.19,28.23,27.8,108,43.15,telugu_nt-only_nit,nit,store,-14.92,lose
MRK,672,14.59,28.99,27.99,670,37.86,telugu_nt-only_nit,nit,store,-8.87,lose
1PE,105,19.01,23.16,23.39,105,36.97,telugu_nt-only_vgr,vgr,store,-13.81,lose
2PE,61,18.13,19.38,22.61,61,33.88,telugu_nt-only_vgr,vgr,store,-14.5,lose
JAS,108,17.82,22.83,23.91,108,38.11,telugu_nt-only_vgr,vgr,store,-15.28,lose
MRK,678,15.67,25.84,24.57,676,36.21,telugu_nt-only_vgr,vgr,store,-10.37,lose
